abstron.com	https://abstron.com/careers
accellionx.com	https://accellionx.com/careers
agiletechstudio.com	https://agiletechstudio.com/careers
airvon.com	https://careers.airvon.com/jobs
al-burraq.com	https://al-burraq.com/careers
allomate.com	https://allomate.com/career
aucsol.com	https://aucsol.com/careers
bitzstudio.com	https://bitzstudio.com/careers/
centillionedge.com	https://centillionedge.com/en/careers
chromeis.com	https://chromeis.com/careers/
code-graphers.com	https://code-graphers.com/career-page/
codeavour.com	https://codeavour.com/career/
codehypes.com	https://codehypes.com/careers
cubicsol.com	https://cubicsol.com/careers
digitalinvo.com	https://digitalinvo.com/career-in-software-development-company-in-pakistan
digitally3.com	https://digitally3.com/careers
digitalotters.com	https://digitalotters.com/careers/
duskel.com	https://duskel.com/work-with-us
fiznex.com	https://fiznex.com/careers
growthmarvels.com	https://growthmarvels.com/careers/
halogix.co	https://halogix.co/careers/
ikslogics.com	https://ikslogics.com/iks-careers/
illustronix.com	https://illustronix.com/careers/
infostacktech.com	https://infostacktech.com/career
intelliscence.com	https://www.intelliscence.com/join-us/
interstolix.com	https://interstolix.com/Careers.html
jerrax.com	https://careers.jerrax.com
kryptomind.com	https://kryptomind.com/career/ui-ux-%f0%9d%90%83%f0%9d%90%9e%f0%9d%90%ac%f0%9d%90%a2%f0%9d%90%a0%f0%9d%90%a7-%f0%9d%90%88%f0%9d%90%a7%f0%9d%90%ad%f0%9d%90%9e%f0%9d%90%ab%f0%9d%90%a7/
ksmmediahut.com	https://ksmmediahut.com/careers
millionmilestech.com	https://millionmilestech.com/career/
neolinelogic.com	https://neolinelogic.com/career/
orbilontech.com	https://orbilontech.com/careers/
richtech.io	https://richtech.io/careers/
ropstam.com	https://www.ropstam.com/careers/
scopenine.com	https://scopenine.com/careers
sprintops.io	https://sprintops.io/job-openings/
tech-vision.net	https://www.tech-vision.net/5-tips-to-get-guaranteed-job-in-it/
techabout.com	https://techabout.com/careers
techieminions.co	https://techieminions.co/careers
techmatetech.com	https://techmatetech.com/careers/
technoblick.com	https://technoblick.com/careers
technologycastle.com	https://technologycastle.com/all-about-web-development-skills-careers-tools-future-trends/
technologywisdom.com	https://technologywisdom.com/careers/
technotch.dev	https://mis.technotch.dev/careers/
techtwist.pk	https://techtwist.pk/career
tetrahex.com	https://tetrahex.com/jobs.html
thechakor.com	https://thechakor.com/careers
thehumanbots.co	https://thehumanbots.co/careers/
thesoftaims.com	https://thesoftaims.com/careers
thinkdonesolutions.com	https://thinkdonesolutions.com/careers/
triaxo.com	https://triaxo.com/career.html
valueans.com	https://valueans.com/careers
venturedive.com	https://venturedive.applytojob.com/apply
visiomate.com	https://visiomate.com/career
vividlogic.net	https://vividlogic.net/careers
vohtech.com	https://vohtech.com/careers/
vorza360.com	https://vorza360.com/careers/
wanologicalsolutions.com	https://wanologicalsolutions.com/careers
webroxdigital.com	https://www.webroxdigital.com/careers-webrox-digital/
webrula.com	https://webrula.com/careers/
websmitherz.com	https://websmitherz.com/company/careers
xevensolutions.com	https://xevensolutions.com/careers
xpertdigi.com	https://xpertdigi.com/careers/
zaptatech.com	https://career.zaptatech.com
zeentechnologies.com	https://zeentechnologies.com/careers
