name	slug
ZAPTA Technologies	zapta-technologies
Sigi Technologies	sigi-technologies
ZeeFrames - UI UX Design Agency	zeeframes
DeviceBee Technologies	devicebee-technologies
Arbisoft	arbisoft
Fire Bee Techno Services	fire-bee-techno-services
Phaedra Solutions	phaedra-solutions
BearPlex	bearplex
SensViz	sensviz
MetaLogics	metalogics
InvoZone	invozone
Sync4Tech Limited	sync4tech
Designbub	design-bub
Astoe Company	astoe-company
dedev	dedev
ZaSolPK IT Solutions	zasolpk-it-solutions
Delloweb International	delloweb-international
RETLM BPO	retlm-bpo
Hashlogics	hashlogics
Tech Implement	tech-implement
Square63	square63
CodeNinja	codeninja
TechGropse Pvt. Ltd.	techgropse
EntaLogics	entalogics
Techayal: Best Software House in Lahore	techayal-best-software-house-in-lahore
Million Web Services	million-web-services
Systems Limited	system-limited
Digizl.com	digizl-com
Dost Marketing	dost-marketing
Farhan Ali SEOS	farhan-ali-seos
My Digital People	my-digital-people
Site Slinger	site-slinger
webfalcons	webfalcons
ibex. Pakistan	ibex-pakistan
ABS developers	abs-developers
Emerald Labs	emerald-labs
Bitforce Solutions	bitforce-solutions
Virgo Tech Solutions	virgo-tech-solutions
MEDIA LINES ADVERTISING	media-lines-advertising
illustronix	illustronix
Abacus-Bpo	abacus-bpo
Shan Computer Trainings Institute	shan-computer-trainings-institute
IT Services & Graphic Designing Agency | Graphics DFY	it-services-graphic-designing-agency-graphics-dfy
Saeedan Technology	saeedan-technology
HITS META	hits-meta
shopdev	shopdev
Catalyic Security Pvt Ltd	catalyic-security-pvt-ltd
Exceinov Private Limited	exceinov-private-limited
Prixite	prixite
Softpers Interactive	softpers-interactive
MQS IT Solutions (SMC-Private) Limited	mqs-it-solutions-smc-private-limited
TRICON 3D	tricon-3d
Hiline International	hiline-international
Axiom World	axiom-world
ArchXStudio	archxstudio
SignOPlus - Signage Company Lahore	signoplus-signage-company-lahore
WebSouls	websouls
BPOXpert	bpoxpert
Tricasol	tricasol
Lahore SEO Services	lahore-seo-services
Ezisol	ezisol
Custom Box	custom-box
RevenueXcel	revenuexcel
Ehtishaam	ehtishaam
Hire SQA Engineer	hire-sqa-engineer
Global SNI	global-sni
Whitelinko	whitelinko
AAM Consultants	aam-consultants
Codepul	codepul
YBUGS	ybugs
Bluelinks Agency	bluelinks-agency
Code District	code-district
Consecutive Bytes	consecutive-bytes
AlgoRepublic	algorepublic
Jerrax	jerrax
MavenUp Creatives	mavenup-creatives
VAA SEO SERVICES	vaa-seo-services
ThemSquare	themsquare
Digital Hive	digital-hive-2
Clustox	clustox-0
Ladder Crm	ladder-crm
Inspirive Solutions	inspirive-solutions
Silicon Nexus	silicon-nexus
Formonix Marketers	formonix-marketers
IQBIRDS	iqbirds
AAMAX	aamax
OptimusFox	optimusfox
MBA Solutions Private Limited	mba-solutions-private-limited
Arwen Tech Pvt Ltd	arwen-tech-pvt-ltd
Gigalabs	gigalabs
Navicosoft	navicosoft
Dezital Technologies	dezital-technologies
CherryBerry UCM	cherryberry-ucm
Conovo Technologies	conovo-technologies
The Xpertz	the-xpertz
Xeosol Technologies	xeosol-technologies
Codiveo	codiveo
Focusteck	focusteck
Vertekx	vertekx
VirtueNetz Pakistan	virtuenetz-pakistan
Adaxiom Tech	adaxiom-tech
Crecentech Systems Private Limited	crecentech-systems-private-limited
Tecnomics International	tecnomics-international
Digisol HUb	digisol-hub
Message Communications | Advertising Agency	message-communications-advertising-agency
Blue Digital Pixel Digital Marketing agency in Lahore Pakistan	blue-digital-pixel-digital-marketing-agency-in-lahore-pakistan
Rubina Productions	rubina-productions
Lafacil Solutions	lafacil-solutions
TalentHue	talenthue
SprintX	sprintx
Viral Square	viral-square
Digital Marketing Agency | Brand Builders	digital-marketing-agency-brand-builders
E2EWorx Ensuring Quality	e2eworx-ensuring-quality
Exper Labs	exper-labs
Techub	techub
Exopoll	exopoll
Creation Next Inc.	creation-next-inc
Near Me Experts Agency	near-me-experts-web-development-in-lahore-seo-ecommerce-content-writing-agency-pakistan
Voltron Operations	voltron-operations
Lahore Graphic Design	lahore-graphic-design
SalesAssist	salesassist
Clicksbridge Marketing Agency	clicksbridge-marketing-agenc
Origami Studios	origami-studios
Urban Tech - Digital Marketing Agency	urban-tech-digital-marketing-agency
Online Orbit	online-orbit
Doctor Colour Nippon Paint Franchise	doctor-colour-nippon-paint-franchise
Winssol - Web Designing and Development company in Lahore Pakistan	winssol-web-designing-and-development-company-in-lahore-pakistan
Black Ibex - Digital Marketing - Software House	black-ibex-digital-marketing-software-house
PLANX	planx
Ketifa Clothing Brand	ketifa-clothing-brand
Nexols	nexols
Summa Marketing Pvt Ltd	summa-marketing-pvt-ltd
IT Max Lab	it-max-lab
Bee Buzz Digital makreting	bee-buzz-digital-makreting
ERSTECH	ersteech
DealMakers	dealmakers
Highbit Technologies	highbit-technologies
Digital Marketing Agency	digital-marketing-agency_
Visnext Software Solutions	visnext-software-solutions
Stradigi	stradigi
NavicoAds	navicoads
eBridge Technologies	ebridge-technologies
SEO Agency Land - Digital Marketing Company in Pakistan	seo-agency-land-digital-marketing-company-in-pakistan
Tawasul Developers	tawasul-developers
Digital Media Point	digital-media-point
Softzee	softzee
The Best SEO Experts	the-best-seo-experts
Tech Bridge Consultancy	tech-bridge-consultancy
Soft Pyramid	soft-pyramid
Pseudosquare	pseudosquare
SI GLOBAL SOLUTIONS	si-global-solutions
PartnersSEO	partnersseo
Servo motor Encoder	raheel-engineering-company
The GM Adverts	the-gm-adverts
Media Factory	media-factory
NerdHUB	nerdhub
ClassicSEO	classicseo
#Maker Solutions	maker-solutions
Nexgen Technologies	nexgen-technologies
UMW Media	umw-media
BwLogics	bwlogics
Solutyics	solutyics
AB Ark Solutions	ab-ark-private-limited
Rankdrill - Digital Marketing	rankdrill-digital-marketing
Cerostech	cerostech
Devsyntrix	devsyntrix
Saivra Technologies LLC	saivra-technologies
ibute Technologies	ibute-technologies
WEBTOS	webtos-the-expert-digital-marketing-agency
Off-Road Studios	off-road-studios
Creative Engine - Video Production & Animation Agency	creative-engine-video-production-animation-agency
BITLOGIX	bitlogix
Teamseven PVT LTD	teamseven-pvt-ltd
Navicosoft Pvt Ltd	navicosoft-pvt-ltd
3Amigos	3amigos
IT COMPANY	it-company
Bridge Homies	bridge-homies
techpotions	techpotions
BrainX Technologies	brainx-technologies
CollabGenerate	collabgenerate
IT Company Pk	it-company-pk
Marketing kinges	marketing-kinges
Devophy	devophy
WDL Web Development Lahore	wdl-web-development-lahore
Websphere Hub	websphere-hub
Atif Digital Hub	atif-digital-hub
Zarea Quantum Technologies	zarea-quantum-technologies
Allzone Technologies	allzone-technologies
Data Magnetics Technologies	data-magnetics-technologies
Olumi Tech - Lahore Software House	olumi-tech-lahore-software-house
Codistix (Pvt.) Ltd	codistix-pvt-ltd
Easy Tech Solutions(SMC-PVT)LTD.	easy-tech-solutions-smc-pvt-ltd
Web Nova	web-nova
Bhalli Software Solutions	bhalli-software-solutions
Brilliant Systems	brilliant-systems
Software Alliance	software-alliance
Ping Booster	ping-booster
Ultra Codes	ultra-codes-private-limited
Khired Networks	khired-networks
Data Prism	data-prism
SkelerSecurity	skelersecurity
Vibecop	vibe-cop
Influx.pk	influx-pk
Techhub AI	techhub-ai
Sherazi Marketing Solutions	sherazi-marketing-solutions
One AD Solutions	one-ad-solutions
Bramerz	bramerz
Digi Fanto	digi-fanto
RK Design Work	rk-design-artwork
DeepVention	deepvention
Bit n Byte	bit-n-byte
Devsinn Technologies	devsinn-technologies
Kreability	kreabili
Marksol Creative Agency	marksol-creative-agency
SecurityWall	securitywall
Ali Raza Solutions	ali-raza-solutions
Technosoft Solutions	technosoft-solutions
Yorker Advertising Agency Lahore	yorker-advertising-agency-lahore
Mtitech LLC	mtitech-llc
Design N Dev	design-n-dev
Webhoster.pk	webhoster-pk
Solutions Indicator	solutions-indicator
Inclivo	inclivo
SEO Lahore	seo-lahore
Expert Content Nest	expert-content-nest
Figzol	figzol
Mailkar Studio	mailkar-studio
Cosmosoft Business Solutions Pvt. Ltd.	cosmosoft-business-solutions-pvt-ltd-2
Volvix Systems	volvix-systems
SACTOSOL Technologies	sactosol-technologies
Testiva	testiva
VirtueNetz	virtuenetz-software-ai-development-company
TechBolted	techbolted
Seoexpertspk.com	seoexpertspk-com
Digital Innovation (Pvt.) Ltd	digital-innovation-pvt-ltd
MetaLabs Tech	metalabs-tech
BitBytes	bitbytes
MAS IT	mas-it
softiconex digital soltuion	softiconex-digital-soltuion
Rapid Gens	rapid-gens
SEO Prime Services	seo-prime-services
The Innovations	the-innovations
PieCyfer	piecyfer
Test	design-studio-5
Dev & Design	dev-design
Maksol Digital Solutions	maksol-digital-solutions
NKU Technologies	nku-technologies
Techzenix	techzenix
Think Box Communication	think-box-communication
WebExcels	webexcels
Devixor Technologies	devixor-technologies
Arcift	arcift
Regbits Private Limited	regbits-private-limited
VYORA.AI	vyora-ai
Creatify Media	creatify-media
Credminds	credminds
Fazal Web Design	fazal-web-design
BerryBoost	berryboost
DigitalTide	digitaltide
Mint Solutions	mint-solutions
Code Upscale	code-upscale
Nextbridge LTD	nextbridge-ltd
RTC LEAGUE	rtc-league
Bitlinks Tech	bit-links-tech
Soft Enterprise	soft-enterprise
PPC Marketing	ppc-marketing
Growth Epics	growth-epics
Auratek	auratek
Linez Technologies	linez-technologies
Dot2Shape	dot2shape
Tech Learn	seo-services-in-lahore-seo-specialist-in-pakistan-tech-learn
Marketing Mindz 360	marketing-mindz-360
Faseeh Lall & Co.	faseeh-lall-co
Industro Consulting	industro-consulting
Hashe Computer Solutions (Pvt) Ltd.	hashe-computer-solutions
SK Technology - Odoo ERP Services	sk-technology-odoo-erp-services
Manage My Netwokrs	manage-my-netwokrs
Nuwair Systems	nuwair-systems
MyTechZoom	mytechzoom
Ready Logic	ready-logic
Time N Space Media	time-n-space-media
Kavelogics	kavelogics
Qdot PK	qdot-pk
Tech RIwaayat	tech-riwaayat
DevExcel IT Solutions	devexcel-it-solutions
Astute Solution	astute-solution
SEOExperts.com.pk	seoexperts-com-pk
CSG Pakistan	csg-pakistan
iris communications	iris-communications
IKTAR	iktar
Property Software	property-software
SHE Technologies Pvt.Ltd	she-technologies-pvt-ltd
Raviko Design Agency	raviko-design-agency
MantechIT	mantechit
The Logic Design	the-logic-design
Techverx	techverx
Devsoul Solutions	devsoul-solutions
Kodewars	kodewars
SEO Accelerators	seo-accelerators
Aquila360 Pvt Ltd	we-provide-360-it-solutions
Digzy Tech	digzy-tech
Forrentech	forrentech
Devtags.io	devtags-io
Webiconz Technologies	webiconz-technologies
SERP Rankers	serp-rankers-seo-services-in-lahore-pakistan
Vertex	vertex
Clixo Digital	clixo-digital
Marqetric	marqetric
Digital Mandee	digital-mandee
Nexpred Solutions	nexpred-solutions
oBookkeeping	obookkeeping
Yanyem	yanyem
Akademos	akademos
SA Systems	sa-systems
SoftMind Solutions	softmind-solutions
Prismatic Digital Solution	prismatic-digital-solution
The Social Byte	the-social-byte
KodRank	kodrank
Techruiters	techruiters
Usama Bajwa	usama-bajwa
Digital Marketing Specialists - Aen Ali Hashmi	aen-ali-hashmi
Khired Digital	khired-digital
Cybersoft North America Inc.	cybersoft-north-america-inc
Devline Solutions	devline-solutions
Octavebytes	octavebytes
HIT Technologies	hit-technologies
Ninja Coding Pro	ninja-coding-pro
Devtings	devtings
PlomX Tech Official	plomx-tech
Techvillasysyem	techvillasysyem
SEOLHR	seolhr
Rizt Tech Solution	rizt-tech-solution
Petsaal Technologies	petsaal-technologies
Novatore Solutions	novatore-solutions
Tintash	tintash
Alsyke Technologies	alsyke-technologies
Xcentric Services	xcentric-services
Hashage	hashage
OraxTech	oraxtech
Rolustech	rolustech
Angular Developers	angular-developers
Discreet Soft - Software House (Software Development)	discreet-soft-software-house-software-development
Arpatech	arpatech
rankistan	rankistan
Yaspire Technologies	yaspire-technologies
System Plus	system-plus
Bitsclan Solutions	bitsclan-solutions
Cybexo Inc	cybexo-inc
Dextro Solution	dextro-solution
E-Sparks , A Magento Specialist Company	e-sparks-a-magento-specialist-company
Relliks Systems	relliks-systems
Coding Pro	coding-pro
Mobitsolutions	mobitsolutions
Digital Media Line	digital-media-line
Creative Sprout Media	creative-sprout-media
LEADconcept	leadconcept
E1SOL	e1sol
ESIPICK	esipick
Xavor Corporation	xavor-corporation
Saremco Tech	saremco-tech
Renesis Tech	renesis-tech
Nibras Rana	nibras-rana
Digital Setups (SMC Pvt. Ltd.)	digital-setups-smc-pvt-ltd
DT Modern Tech	dt-modern-tech
Hashtag Tribe	hashtag-tribe
DigiHyve SMC	digihyve-smc
SWAAM Tech	swaam-tech
The Vital Solutions	the-vital-solutions
Tech Olives	tech-olives
Defqon Digital	defqon-digital
SoftandHost	softandhost
Beta Web Solutions	beta-web-solutions
SoftHof (PVT) Ltd.	softhof-pvt-ltd
Proximate Solutions	proximate-solutions
GraceSol Technologies	gracesol-technologies
AtomicSkills	atomicskills
Savvy Programmers	savvy-programmers
MaceSol Technologies	macesol-technologies
Jozzy Web Company	jozzy-web-company
Opus Communication	opus-communication
Destiny SEO	destiny-seo
IntelTrix	inteltrix
Confiz	confiz
20thFloor Techease	20thfloor-techease
Xacrosoft	xacrosoft
Navicosoft PK	navicosoft-pk
Diginatives	diginatives
Vebtual	vebtual
SEO Agency Pakistan	seo-agency-pakistan
SEO NUMBER 1	seo-number-1
Digital Media Trend	digital-media-trend
Chrome Brains	chrome-brains
