name	slug	status	website
ZAPTA Technologies	zapta-technologies	no-website	
Sigi Technologies	sigi-technologies	ok	sigitechnologies.com
ZeeFrames - UI UX Design Agency	zeeframes	ok	zeeframes.com
DeviceBee Technologies	devicebee-technologies	ok	devicebee.com
Arbisoft	arbisoft	no-website	
Fire Bee Techno Services	fire-bee-techno-services	no-website	
Phaedra Solutions	phaedra-solutions	ok	phaedrasolutions.com
BearPlex	bearplex	no-website	
SensViz	sensviz	ok	sensviz.com
MetaLogics	metalogics	ok	metalogics.co
InvoZone	invozone	ok	invozone.com
Sync4Tech Limited	sync4tech	ok	sync4tech.co
Designbub	design-bub	ok	designbub.com
Astoe Company	astoe-company	ok	astoecompany.com
dedev	dedev	ok	dedev.co
ZaSolPK IT Solutions	zasolpk-it-solutions	ok	zasolpk.com
Delloweb International	delloweb-international	ok	delloweb.com
RETLM BPO	retlm-bpo	ok	retlmbpo.com
Hashlogics	hashlogics	ok	hashlogics.com
Tech Implement	tech-implement	ok	techimplement.com
Square63	square63	ok	square63.com
CodeNinja	codeninja	ok	codeninjaconsulting.com
TechGropse Pvt. Ltd.	techgropse	ok	techgropse.ae
EntaLogics	entalogics	ok	entalogics.com
Techayal: Best Software House in Lahore	techayal-best-software-house-in-lahore	ok	techayal.com
Million Web Services	million-web-services	no-website	
Systems Limited	system-limited	ok	systemsltd.com
Digizl.com	digizl-com	ok	digizl.com
Dost Marketing	dost-marketing	ok	dostmarketings.com
Farhan Ali SEOS	farhan-ali-seos	ok	farhanali.tech
My Digital People	my-digital-people	ok	mydigitalpeople.com
Site Slinger	site-slinger	ok	siteslinger.github.io
webfalcons	webfalcons	ok	webfalcons.pk
ibex. Pakistan	ibex-pakistan	ok	ibexpakistan.co
ABS developers	abs-developers	ok	abs-developers.com
Emerald Labs	emerald-labs	ok	emerald-labs.com
Bitforce Solutions	bitforce-solutions	ok	bitforcesolutions.com
Virgo Tech Solutions	virgo-tech-solutions	ok	virgotechsolutions.com
MEDIA LINES ADVERTISING	media-lines-advertising	ok	medialines.com.pk
illustronix	illustronix	no-website	
Abacus-Bpo	abacus-bpo	ok	abacus-bpo.com
Shan Computer Trainings Institute	shan-computer-trainings-institute	ok	shantrainings.com
IT Services & Graphic Designing Agency | Graphics DFY	it-services-graphic-designing-agency-graphics-dfy	ok	graphicsdfy.com
Saeedan Technology	saeedan-technology	ok	saeedantechpvt.com
HITS META	hits-meta	ok	hitsmeta.com
shopdev	shopdev	ok	shopdev.co
Catalyic Security Pvt Ltd	catalyic-security-pvt-ltd	ok	catalyicsecurity.com
Exceinov Private Limited	exceinov-private-limited	ok	exceinov.com
Prixite	prixite	ok	prixite.com
Softpers Interactive	softpers-interactive	ok	softpers.com
MQS IT Solutions (SMC-Private) Limited	mqs-it-solutions-smc-private-limited	ok	mqsitsolutions.com
TRICON 3D	tricon-3d	ok	tricon3d.com
Hiline International	hiline-international	ok	hiline.pk
Axiom World	axiom-world	ok	axiomworld.net
ArchXStudio	archxstudio	ok	archxstudio.com
SignOPlus - Signage Company Lahore	signoplus-signage-company-lahore	ok	signoplus.com
WebSouls	websouls	ok	websouls.com
BPOXpert	bpoxpert	ok	bpoxperts.com
Tricasol	tricasol	ok	tricasol.com
Lahore SEO Services	lahore-seo-services	ok	lahoreseoservices.com
Ezisol	ezisol	ok	ezisol.com.pk
Custom Box	custom-box	ok	custombox.pk
RevenueXcel	revenuexcel	ok	revenue-xcel.com
Ehtishaam	ehtishaam	ok	ehtishaam.com
Hire SQA Engineer	hire-sqa-engineer	ok	hiresqaengineer.com
Global SNI	global-sni	ok	globalsni.com
Whitelinko	whitelinko	ok	whitelinko.com
AAM Consultants	aam-consultants	ok	aamconsultants.org
Codepul	codepul	ok	codepul.com
YBUGS	ybugs	ok	ybugs.com
Bluelinks Agency	bluelinks-agency	ok	bluelinks.agency
Code District	code-district	ok	codedistrict.com
Consecutive Bytes	consecutive-bytes	ok	consecutivebytes.com
AlgoRepublic	algorepublic	ok	algorepublic.com
Jerrax	jerrax	no-website	
MavenUp Creatives	mavenup-creatives	ok	mavenup.com
VAA SEO SERVICES	vaa-seo-services	ok	vaaseoservices.com
ThemSquare	themsquare	ok	themsquare.com.pk
Digital Hive	digital-hive-2	ok	digitalhive.pk
Clustox	clustox-0	no-website	
Ladder Crm	ladder-crm	ok	laddercrm.com
Inspirive Solutions	inspirive-solutions	ok	inspirivesolutions.com
Silicon Nexus	silicon-nexus	ok	silicon-nexus.com
Formonix Marketers	formonix-marketers	ok	formonixmarketers.com
IQBIRDS	iqbirds	ok	iqbirds.com
AAMAX	aamax	ok	aamax.co
OptimusFox	optimusfox	no-website	
MBA Solutions Private Limited	mba-solutions-private-limited	ok	mbasolutions.co
Arwen Tech Pvt Ltd	arwen-tech-pvt-ltd	ok	arwentech.com
Gigalabs	gigalabs	ok	gigalabs.co
Navicosoft	navicosoft	ok	navicosoft.com
Dezital Technologies	dezital-technologies	ok	dezital.com
CherryBerry UCM	cherryberry-ucm	ok	cherryberryucm.com
Conovo Technologies	conovo-technologies	ok	conovoinc.com
The Xpertz	the-xpertz	ok	thexpertz.com
Xeosol Technologies	xeosol-technologies	ok	xeosol.com
Codiveo	codiveo	ok	codiveo.com
Focusteck	focusteck	ok	focusteck.com
Vertekx	vertekx	no-website	
VirtueNetz Pakistan	virtuenetz-pakistan	ok	virtuenetz.pk
Adaxiom Tech	adaxiom-tech	ok	adaxiomtech.com
Crecentech Systems Private Limited	crecentech-systems-private-limited	ok	crecentech.com
Tecnomics International	tecnomics-international	ok	tecnomics.com
Digisol HUb	digisol-hub	ok	digisolhub.com
Message Communications | Advertising Agency	message-communications-advertising-agency	ok	messagepk.com
Blue Digital Pixel Digital Marketing agency in Lahore Pakistan	blue-digital-pixel-digital-marketing-agency-in-lahore-pakistan	ok	bluedigitalpixel.com
Rubina Productions	rubina-productions	ok	rubinaproductions.com
Lafacil Solutions	lafacil-solutions	ok	lafacil.com
TalentHue	talenthue	ok	talenthue.com
SprintX	sprintx	ok	sprintx.net
Viral Square	viral-square	ok	viralsquare.org
Digital Marketing Agency | Brand Builders	digital-marketing-agency-brand-builders	ok	brandbuilders.com.pk
E2EWorx Ensuring Quality	e2eworx-ensuring-quality	no-website	
Exper Labs	exper-labs	ok	experlabs.com
Techub	techub	ok	techub.com.pk
Exopoll	exopoll	ok	exopoll.com
Creation Next Inc.	creation-next-inc	ok	creationnext.com
Near Me Experts Agency	near-me-experts-web-development-in-lahore-seo-ecommerce-content-writing-agency-pakistan	ok	nearmeexperts.com
Voltron Operations	voltron-operations	ok	voltronoperations.com
Lahore Graphic Design	lahore-graphic-design	ok	lahoregraphicdesign.com
SalesAssist	salesassist	ok	salesassist.pk
Clicksbridge Marketing Agency	clicksbridge-marketing-agenc	ok	clicksbridge.co
Origami Studios	origami-studios	ok	origamistudios.us
Urban Tech - Digital Marketing Agency	urban-tech-digital-marketing-agency	ok	urbanseo.pk
Online Orbit	online-orbit	ok	onlineorbit.pk
Doctor Colour Nippon Paint Franchise	doctor-colour-nippon-paint-franchise	ok	doctorcolour.com
Winssol - Web Designing and Development company in Lahore Pakistan	winssol-web-designing-and-development-company-in-lahore-pakistan	ok	winssol.net
Black Ibex - Digital Marketing - Software House	black-ibex-digital-marketing-software-house	ok	blackibex.biz
PLANX	planx	ok	planx.pk
Ketifa Clothing Brand	ketifa-clothing-brand	ok	ketifa.pk
Nexols	nexols	ok	nexols.com
Summa Marketing Pvt Ltd	summa-marketing-pvt-ltd	ok	summamarketing.com.pk
IT Max Lab	it-max-lab	ok	itmaxlab.com
Bee Buzz Digital makreting	bee-buzz-digital-makreting	ok	beebuzzdigitalmarketing.com
ERSTECH	ersteech	ok	erstech.org
DealMakers	dealmakers	ok	dealmakersestate.com
Highbit Technologies	highbit-technologies	ok	highbitsol.com
Digital Marketing Agency	digital-marketing-agency_	ok	revisebook.com
Visnext Software Solutions	visnext-software-solutions	ok	visnext.com
Stradigi	stradigi	ok	stradigi.org
NavicoAds	navicoads	ok	navicoads.com
eBridge Technologies	ebridge-technologies	ok	ebridge.tech
SEO Agency Land - Digital Marketing Company in Pakistan	seo-agency-land-digital-marketing-company-in-pakistan	ok	seoagencyland.pk
Tawasul Developers	tawasul-developers	ok	tawasuldevelopers.com
Digital Media Point	digital-media-point	ok	digitalmediapoint.com
Softzee	softzee	ok	softzee.com
The Best SEO Experts	the-best-seo-experts	ok	thebestseoexperts.com
Tech Bridge Consultancy	tech-bridge-consultancy	ok	techbridgeconsultancy.com
Soft Pyramid	soft-pyramid	ok	softpyramid.com
Pseudosquare	pseudosquare	ok	pseudosquare.com
SI GLOBAL SOLUTIONS	si-global-solutions	ok	sigbl.com
PartnersSEO	partnersseo	ok	partnersseo.com
Servo motor Encoder	raheel-engineering-company	ok	recopk.com
The GM Adverts	the-gm-adverts	ok	fiverr.com
Media Factory	media-factory	ok	mediafactory.biz
NerdHUB	nerdhub	ok	nerdhubtechnology.com
ClassicSEO	classicseo	ok	classicseo.com
#Maker Solutions	maker-solutions	ok	hashmakersol.com
Nexgen Technologies	nexgen-technologies	ok	nexgen.com.pk
UMW Media	umw-media	ok	umwmedia.com
BwLogics	bwlogics	ok	bwlogics.com
Solutyics	solutyics	no-website	
AB Ark Solutions	ab-ark-private-limited	ok	abark.tech
Rankdrill - Digital Marketing	rankdrill-digital-marketing	ok	rankdrill.com
Cerostech	cerostech	ok	cerostech.com
Devsyntrix	devsyntrix	no-website	
Saivra Technologies LLC	saivra-technologies	ok	saivra.co
ibute Technologies	ibute-technologies	ok	ibute.tech
WEBTOS	webtos-the-expert-digital-marketing-agency	ok	webtos.uk
Off-Road Studios	off-road-studios	ok	offroadstudios.com
Creative Engine - Video Production & Animation Agency	creative-engine-video-production-animation-agency	ok	creative-engine.pk
BITLOGIX	bitlogix	no-website	
Teamseven PVT LTD	teamseven-pvt-ltd	ok	teamseven.ltd
Navicosoft Pvt Ltd	navicosoft-pvt-ltd	ok	navicosoft.com.au
3Amigos	3amigos	ok	3amigos.tech
IT COMPANY	it-company	no-website	
Bridge Homies	bridge-homies	ok	bridgehomies.com
techpotions	techpotions	ok	techpotions.com
BrainX Technologies	brainx-technologies	ok	brainxtech.com
CollabGenerate	collabgenerate	ok	collabgenerate.com
IT Company Pk	it-company-pk	ok	itcompany.com.pk
Marketing kinges	marketing-kinges	ok	marketingkinges.com
Devophy	devophy	ok	devophy.com
WDL Web Development Lahore	wdl-web-development-lahore	ok	webdevelopmentlahore.pk
Websphere Hub	websphere-hub	ok	webspherehub.com
Atif Digital Hub	atif-digital-hub	ok	syedatifbashir.com
Zarea Quantum Technologies	zarea-quantum-technologies	ok	tech.zarea.com
Allzone Technologies	allzone-technologies	ok	allzonetech.com
Data Magnetics Technologies	data-magnetics-technologies	ok	datamagnetics.com
Olumi Tech - Lahore Software House	olumi-tech-lahore-software-house	ok	olumitech.com
Codistix (Pvt.) Ltd	codistix-pvt-ltd	no-website	
Easy Tech Solutions(SMC-PVT)LTD.	easy-tech-solutions-smc-pvt-ltd	ok	easytechsolutions.pk
Web Nova	web-nova	ok	webnova.tech
Bhalli Software Solutions	bhalli-software-solutions	ok	bhallisoft.com
Brilliant Systems	brilliant-systems	ok	brilliantsystems.io
Software Alliance	software-alliance	ok	softwarealliance.io
Ping Booster	ping-booster	ok	pingbooster.site
Ultra Codes	ultra-codes-private-limited	ok	ultracodes.io
Khired Networks	khired-networks	ok	khired.com
Data Prism	data-prism	ok	thedataprism.com
SkelerSecurity	skelersecurity	ok	skelersecurity.com
Vibecop	vibe-cop	ok	vibecop.io
Influx.pk	influx-pk	ok	influx.pk
Techhub AI	techhub-ai	ok	techhubai.co
Sherazi Marketing Solutions	sherazi-marketing-solutions	no-website	
One AD Solutions	one-ad-solutions	ok	oneadsolutions.com
Bramerz	bramerz	ok	bramerz.pk
Digi Fanto	digi-fanto	ok	digifanto.com
RK Design Work	rk-design-artwork	ok	rkdesignwork.com
DeepVention	deepvention	ok	deepvention.com
Bit n Byte	bit-n-byte	ok	bitndbyte.com
Devsinn Technologies	devsinn-technologies	ok	devsinntechnologies.com
Kreability	kreabili	ok	kreability.com
Marksol Creative Agency	marksol-creative-agency	ok	marksolcreativeagency.com
SecurityWall	securitywall	ok	securitywall.co
Ali Raza Solutions	ali-raza-solutions	ok	alirazasolutions.com
Technosoft Solutions	technosoft-solutions	ok	techno-soft.com
Yorker Advertising Agency Lahore	yorker-advertising-agency-lahore	ok	yorkeronline.com
Mtitech LLC	mtitech-llc	ok	mtitech.co
Design N Dev	design-n-dev	ok	designndev.com
Webhoster.pk	webhoster-pk	ok	webhoster.pk
Solutions Indicator	solutions-indicator	ok	solutionsindicator.com
Inclivo	inclivo	ok	inclivo.com
SEO Lahore	seo-lahore	ok	seolahore.pk
Expert Content Nest	expert-content-nest	ok	expertcontentnest.com
Figzol	figzol	ok	figzol.com
Mailkar Studio	mailkar-studio	ok	mailkarstudio.com
Cosmosoft Business Solutions Pvt. Ltd.	cosmosoft-business-solutions-pvt-ltd-2	ok	cosmosoftsolution.com
Volvix Systems	volvix-systems	ok	volvixsystems.com
SACTOSOL Technologies	sactosol-technologies	ok	sactosol.com
Testiva	testiva	ok	testiva.io
VirtueNetz	virtuenetz-software-ai-development-company	ok	virtuenetz.com
TechBolted	techbolted	ok	techbolted.com
Seoexpertspk.com	seoexpertspk-com	ok	seoexpertspk.com
Digital Innovation (Pvt.) Ltd	digital-innovation-pvt-ltd	ok	digitalinnovation.pk
MetaLabs Tech	metalabs-tech	ok	metalabstech.com
BitBytes	bitbytes	ok	bitbytes.io
MAS IT	mas-it	ok	masit.pk
softiconex digital soltuion	softiconex-digital-soltuion	no-website	
Rapid Gens	rapid-gens	ok	rapidgens.com
SEO Prime Services	seo-prime-services	ok	seoprimeservices.com
The Innovations	the-innovations	ok	theinnovations.tech
PieCyfer	piecyfer	ok	piecyfer.com
Test	design-studio-5	ok	test.com.pj
Dev & Design	dev-design	ok	devandesign.com
Maksol Digital Solutions	maksol-digital-solutions	ok	themaksol.com
NKU Technologies	nku-technologies	ok	nkutechnologies.com
Techzenix	techzenix	no-website	
Think Box Communication	think-box-communication	ok	thinkboxcommunication.com
WebExcels	webexcels	ok	webexcels.com
Devixor Technologies	devixor-technologies	ok	devixortechnologies.com
Arcift	arcift	ok	arcift.com
Regbits Private Limited	regbits-private-limited	ok	regbits.com
VYORA.AI	vyora-ai	ok	vyora-ai.technology
Creatify Media	creatify-media	ok	creatifymedia.com
Credminds	credminds	ok	credminds.com
Fazal Web Design	fazal-web-design	ok	fazal.site
BerryBoost	berryboost	ok	berryboost.us
DigitalTide	digitaltide	ok	digitaltide.pk
Mint Solutions	mint-solutions	ok	mintsols.com
Code Upscale	code-upscale	ok	codeupscale.com
Nextbridge LTD	nextbridge-ltd	ok	nextbridge.com
RTC LEAGUE	rtc-league	ok	rtcleague.com
Bitlinks Tech	bit-links-tech	ok	bitlinkstech.com
Soft Enterprise	soft-enterprise	ok	soft-enterprise.com
PPC Marketing	ppc-marketing	ok	ppcmarketing.com.pk
Growth Epics	growth-epics	ok	growthepics.com
Auratek	auratek	ok	auratek.ai
Linez Technologies	linez-technologies	ok	lineztechnologies.com
Dot2Shape	dot2shape	ok	dot2shape.com
Tech Learn	seo-services-in-lahore-seo-specialist-in-pakistan-tech-learn	ok	techlearncourses.com
Marketing Mindz 360	marketing-mindz-360	ok	marketingmindz360.com
Faseeh Lall & Co.	faseeh-lall-co	ok	faseehlall.com
Industro Consulting	industro-consulting	ok	industro.org
Hashe Computer Solutions (Pvt) Ltd.	hashe-computer-solutions	ok	hashe.com
SK Technology - Odoo ERP Services	sk-technology-odoo-erp-services	ok	sktechnology.co
Manage My Netwokrs	manage-my-netwokrs	ok	managemynetworks.com
Nuwair Systems	nuwair-systems	ok	nuwair.com
MyTechZoom	mytechzoom	no-website	
Ready Logic	ready-logic	ok	readylogic.co
Time N Space Media	time-n-space-media	ok	timenspacemedia.com
Kavelogics	kavelogics	ok	kavelogics.com
Qdot PK	qdot-pk	ok	qdot.pk
Tech RIwaayat	tech-riwaayat	ok	techriwaayat.com
DevExcel IT Solutions	devexcel-it-solutions	ok	devexcelit.com
Astute Solution	astute-solution	ok	astutesol.com
SEOExperts.com.pk	seoexperts-com-pk	ok	seoexperts.com.pk
CSG Pakistan	csg-pakistan	ok	csgpakistan.com
iris communications	iris-communications	ok	iriscommunications.com.pk
IKTAR	iktar	ok	iktar.org
Property Software	property-software	ok	propertysoftware.com.pk
SHE Technologies Pvt.Ltd	she-technologies-pvt-ltd	ok	shetechnologies.com
Raviko Design Agency	raviko-design-agency	ok	raviko.com
MantechIT	mantechit	ok	mantechit.com
The Logic Design	the-logic-design	ok	thelogicdesign.com
Techverx	techverx	no-website	
Devsoul Solutions	devsoul-solutions	ok	devsoulsolutions.com
Kodewars	kodewars	ok	kodewars.com
SEO Accelerators	seo-accelerators	ok	seoaccelerators.com
Aquila360 Pvt Ltd	we-provide-360-it-solutions	ok	aquila360.com
Digzy Tech	digzy-tech	ok	digzytech.org
Forrentech	forrentech	ok	forrentech.com
Devtags.io	devtags-io	ok	devtags.io
Webiconz Technologies	webiconz-technologies	ok	webiconz.com
SERP Rankers	serp-rankers-seo-services-in-lahore-pakistan	ok	serprankers.com
Vertex	vertex	ok	vertexitsol.com
Clixo Digital	clixo-digital	ok	clixodigital.com
Marqetric	marqetric	ok	marqetric.com
Digital Mandee	digital-mandee	ok	digitalmandee.com
Nexpred Solutions	nexpred-solutions	ok	nexpredsolutions.com
oBookkeeping	obookkeeping	ok	obookkeeping.com
Yanyem	yanyem	ok	yanyem.com
Akademos	akademos	ok	akademosresearch.com
SA Systems	sa-systems	ok	sasystems.solutions
SoftMind Solutions	softmind-solutions	ok	softmindsol.com
Prismatic Digital Solution	prismatic-digital-solution	ok	prismaticdigitalsolutions.com
The Social Byte	the-social-byte	ok	thesocialbyte.com
KodRank	kodrank	ok	kodrank.com
Techruiters	techruiters	ok	techruiters.net
Usama Bajwa	usama-bajwa	ok	usamabajwa.com
Digital Marketing Specialists - Aen Ali Hashmi	aen-ali-hashmi	ok	aenalihashmi.com
Khired Digital	khired-digital	ok	digital.khired.com
Cybersoft North America Inc.	cybersoft-north-america-inc	ok	csnainc.com
Devline Solutions	devline-solutions	ok	devlinesolutions.com
Octavebytes	octavebytes	ok	octavebytes.com
HIT Technologies	hit-technologies	ok	hitctech.com
Ninja Coding Pro	ninja-coding-pro	ok	ninjacodingpro.com
Devtings	devtings	ok	devtings.pk
PlomX Tech Official	plomx-tech	ok	plomxtech.com
Techvillasysyem	techvillasysyem	ok	techvillasystems.com
SEOLHR	seolhr	ok	seo-lhr.com
Rizt Tech Solution	rizt-tech-solution	ok	rizttechsoltuion.online
Petsaal Technologies	petsaal-technologies	ok	petsaaltech.com
Novatore Solutions	novatore-solutions	ok	novatoresols.com
Tintash	tintash	ok	tintash.com
Alsyke Technologies	alsyke-technologies	ok	alsyke.com
Xcentric Services	xcentric-services	ok	xcentricservices.com
Hashage	hashage	ok	hashage.pk
OraxTech	oraxtech	ok	oraxtech.com
Rolustech	rolustech	ok	rolustech.com
Angular Developers	angular-developers	ok	angulardevelopers.net
Discreet Soft - Software House (Software Development)	discreet-soft-software-house-software-development	ok	discreetsoft.com
Arpatech	arpatech	ok	arpatech.com
rankistan	rankistan	ok	rankistan.com
Yaspire Technologies	yaspire-technologies	ok	yaspire.com
System Plus	system-plus	ok	systemplus.co
Bitsclan Solutions	bitsclan-solutions	ok	bitsclan.com
Cybexo Inc	cybexo-inc	ok	cybexo.com
Dextro Solution	dextro-solution	ok	dextrosolution.com
E-Sparks , A Magento Specialist Company	e-sparks-a-magento-specialist-company	ok	esparksinc.com
Relliks Systems	relliks-systems	ok	relliks.com
Coding Pro	coding-pro	ok	codingpro.com.pk
Mobitsolutions	mobitsolutions	ok	mobitsolutions.com
Digital Media Line	digital-media-line	ok	digitalmedialine.com
Creative Sprout Media	creative-sprout-media	ok	creativesproutmedia.com
LEADconcept	leadconcept	ok	leadconcept.com
E1SOL	e1sol	ok	e1sol.com
ESIPICK	esipick	ok	esipick.com
Xavor Corporation	xavor-corporation	ok	xavor.com
Saremco Tech	saremco-tech	ok	saremcotech.com
Renesis Tech	renesis-tech	ok	renesistech.com
Nibras Rana	nibras-rana	ok	nibrasrana.com
Digital Setups (SMC Pvt. Ltd.)	digital-setups-smc-pvt-ltd	ok	digitalsetups.com
DT Modern Tech	dt-modern-tech	ok	dtmoderntech.com
Hashtag Tribe	hashtag-tribe	ok	hashtagtribe.com
DigiHyve SMC	digihyve-smc	ok	digihyve.com
SWAAM Tech	swaam-tech	ok	swaam.com
The Vital Solutions	the-vital-solutions	ok	thevitalsolutions.com
Tech Olives	tech-olives	ok	techolives.com
Defqon Digital	defqon-digital	ok	defqondigital.com
SoftandHost	softandhost	ok	softandhost.com
Beta Web Solutions	beta-web-solutions	ok	betawebsol.com
SoftHof (PVT) Ltd.	softhof-pvt-ltd	ok	softhof.com
Proximate Solutions	proximate-solutions	ok	proximatesolutions.com
GraceSol Technologies	gracesol-technologies	ok	gracesol.com
AtomicSkills	atomicskills	ok	atomicskills.com
Savvy Programmers	savvy-programmers	ok	savvyprogrammers.com
MaceSol Technologies	macesol-technologies	ok	macesol.com
Jozzy Web Company	jozzy-web-company	ok	jozzywebcompany.wixsite.com
Opus Communication	opus-communication	ok	opuscom.ca
Destiny SEO	destiny-seo	ok	destinyseo.com
IntelTrix	inteltrix	no-website	
Confiz	confiz	ok	confiz.com
20thFloor Techease	20thfloor-techease	ok	20thfloor.com
Xacrosoft	xacrosoft	ok	xacrosoft.com
Navicosoft PK	navicosoft-pk	ok	navicosoft.pk
Diginatives	diginatives	ok	diginatives.io
Vebtual	vebtual	ok	vebtual.com
SEO Agency Pakistan	seo-agency-pakistan	ok	seo.biz.pk
SEO NUMBER 1	seo-number-1	ok	seonumber1.com
Digital Media Trend	digital-media-trend	ok	digitalmediatrend.com
Chrome Brains	chrome-brains	ok	chromebrains.com
